Workbook

Sheet old
A1: Imp | B1: Fund_Imp | C1: Fund_Description | D1: Fund_Dept_ID | E1: Fund_Dept_ID_Description | F1: Approver_ID | G1: Approver_Name | H1: Proposed_Invoice_Approver | I1: Team | J1: Title | K1: Threshold_USD | L1: concat | M1: vl
A2: F000001 | B2: 443045 | C2: European Retail Solutions | D2: 442003 | E2: COF III | F2: 103847 | G2: Jonathan_Cancrco | H2: Jonathan_Cancrco | I2: Finance | J2: Director | K2: 500,000 | L2: F000001443045442003103847Jonathan_CancrcoDirector500,000 | M2: =VLOOKUP(L2,new!L:L,1,0) -> #N/A
A3: F000002 | B3: 445047 | C3: European Retail Solutions | D3: 442003 | E3: COF III | F3: 102362 | G3: Hart_Christopher | H3: Limonpierre_Ian | I3: Finance | J3: Associate Director | K3: 100,000 | L3: F000002445047442003102362Limonpierre_IanAssociate Director100,000 | M3: =VLOOKUP(L3,new!L:L,1,0) -> #N/A
A4: F000003 | B4: 443045 | C4: AlterI | D4: 442005 | E4: COF II | F4: 103322 | G4: Verderaime_Joseph | H4: Parillis_Joseph_Anthony | I4: Finance | J4: Managing Director | K4: >1,000,000 | L4: F000003443045442005103322Parillis_Joseph_AnthonyManaging Director>1,000,000 | M4: =VLOOKUP(L4,new!L:L,1,0) -> F000003443045442005103322Parillis_Joseph_AnthonyManaging Director>1,000,000
A5: F000004 | B5: 443045 | C5: European Retail Solutions | D5: 442100 | E5: COF I | F5: 102353 | G5: Parillis_Joseph_Anthony | H5: Shinde_Ashutosh | I5: Finance | J5: Director | K5: >1,000,000 | L5: F000004443045442100102353Shinde_AshutoshDirector>1,000,000 | M5: =VLOOKUP(L5,new!L:L,1,0) -> #N/A
A6: F000005 | B6: 442100 | C6: AOP II | D6: 443045 | E6: INACTIVE | F6: 103250 | G6: Hart_Christopher | H6: Parillis_Joseph_Anthony | I6: Finance | J6: Associate Director | K6: 100,000 | L6: F000005442100443045103250Parillis_Joseph_AnthonyAssociate Director100,000 | M6: =VLOOKUP(L6,new!L:L,1,0) -> #N/A
A7: F000006 | B7: 443045 | C7: AlterI | D7: 445047 | E7: COF III | F7: 101288 | G7: Masud_Shahid | H7: Dallasykar_Ajay | I7: Finance | J7: Principal | K7: 100,000 | L7: F000006443045445047101288Dallasykar_AjayPrincipal100,000 | M7: =VLOOKUP(L7,new!L:L,1,0) -> F000006443045445047101288Dallasykar_AjayPrincipal100,000
A8: F000007 | B8: 443045 | C8: AOP II | D8: 443045 | E8: COF III | F8: 101559 | G8: Jonathan_Cancrco | H8: Shinde_Ashutosh | I8: Finance | J8: Managing Director | K8: 100,000 | L8: F000007443045443045101559Shinde_AshutoshManaging Director100,000 | M8: =VLOOKUP(L8,new!L:L,1,0) -> F000007443045443045101559Shinde_AshutoshManaging Director100,000
A9: F000008 | B9: 442003 | C9: AOP II | D9: 442005 | E9: COF III | F9: 101440 | G9: Verderaime_Joseph | H9: Shinde_Ashutosh | I9: Finance | J9: Associate Director | K9: 250,000 | L9: F000008442003442005101440Shinde_AshutoshAssociate Director250,000 | M9: =VLOOKUP(L9,new!L:L,1,0) -> #N/A
A10: F000009 | B10: 442100 | C10: Alter Invest Fund I | D10: 442003 | E10: COF III | F10: 103751 | G10: Parillis_Joseph_Anthony | H10: Dallasykar_Ajay | I10: Finance | J10: Principal | K10: 500,000 | L10: F000009442100442003103751Dallasykar_AjayPrincipal500,000 | M10: =VLOOKUP(L10,new!L:L,1,0) -> #N/A
A11: F000010 | B11: 445047 | C11: Alter Invest Fund I | D11: 445047 | E11: COF II | F11: 103582 | G11: Masud_Shahid | H11: Gaffney_Jocelyn_K | I11: Finance | J11: Associate Director | K11: 100,000 | L11: F000010445047445047103582Gaffney_Jocelyn_KAssociate Director100,000 | M11: =VLOOKUP(L11,new!L:L,1,0) -> F000010445047445047103582Gaffney_Jocelyn_KAssociate Director100,000
A12: F000011 | B12: 442003 | C12: European Retail Solutions | D12: 442100 | E12: COF II | F12: 103316 | G12: Gaffney_Jocelyn_K | H12: Limonpierre_Ian | I12: Finance | J12: Director | K12: 250,000 | L12: F000011442003442100103316Limonpierre_IanDirector250,000 | M12: =VLOOKUP(L12,new!L:L,1,0) -> #N/A
A13: F000012 | B13: 442100 | C13: AlterI | D13: 445047 | E13: COF III | F13: 101723 | G13: Shinde_Ashutosh | H13: Verderaime_Joseph | I13: Finance | J13: Associate Director | K13: 100,000 | L13: F000012442100445047101723Verderaime_JosephAssociate Director100,000 | M13: =VLOOKUP(L13,new!L:L,1,0) -> F000012442100445047101723Verderaime_JosephAssociate Director100,000
... A201: F000200 | B201: 442005 | C201: European Retail Solutions | D201: 445047 | E201: COF II | F201: 102481 | G201: Dallasykar_Ajay | H201: Limonpierre_Ian | I201: Finance | J201: Principal | K201: 500,000 | L201: F000200442005445047102481Limonpierre_IanPrincipal500,000 | M201: =VLOOKUP(L201,new!L:L,1,0) -> #N/A

Sheet new
A1: Imp | B1: Fund_Imp | C1: Fund_Description | D1: Fund_Dept_ID | E1: Fund_Dept_ID_Description | F1: Approver_ID | G1: Approver_Name | H1: Proposed_Invoice_Approver | I1: Team | J1: Title | K1: Threshold_USD | L1: concat | M1: vl
A2: F000096 | B2: 442003 | C2: AOP II | D2: 443045 | E2: COF I | F2: 102065 | G2: Gaffney_Jocelyn_K | H2: Thakkar_Ashish | I2: Finance | J2: Associate Director | K2: >1,000,000 | L2: F000096442003443045102065Thakkar_AshishAssociate Director>1,000,000 | M2: =VLOOKUP(L2,old!L:L,1,0) -> F000096442003443045102065Thakkar_AshishAssociate Director>1,000,000
A3: F000016 | B3: 442005 | C3: European Retail Solutions | D3: 442005 | E3: COF III | F3: 101858 | G3: Thakkar_Ashish | H3: Limonpierre_Ian | I3: Finance | J3: Director | K3: >1,000,000 | L3: F000016442005442005101858Limonpierre_IanDirector>1,000,000 | M3: =VLOOKUP(L3,old!L:L,1,0) -> F000016442005442005101858Limonpierre_IanDirector>1,000,000
A4: F000031 | B4: 442005 | C4: AOP II | D4: 442100 | E4: COF II | F4: 103340 | G4: Verderaime_Joseph | H4: Gaffney_Jocelyn_K | I4: Finance | J4: Director | K4: 100,000 | L4: F000031442005442100103340Gaffney_Jocelyn_KDirector100,000 | M4: =VLOOKUP(L4,old!L:L,1,0) -> F000031442005442100103340Gaffney_Jocelyn_KDirector100,000
A5: F000159 | B5: 443045 | C5: Alter Invest Fund I | D5: 443045 | E5: INACTIVE | F5: 103585 | G5: Verderaime_Joseph | H5: Jonathan_Cancrco | I5: Finance | J5: Principal | K5: 250,000 | L5: F000159443045443045103585Jonathan_CancrcoPrincipal250,000 | M5: =VLOOKUP(L5,old!L:L,1,0) -> F000159443045443045103585Jonathan_CancrcoPrincipal250,000
A6: F000129 | B6: 442005 | C6: European Retail Solutions | D6: 445047 | E6: COF III | F6: 102137 | G6: Limonpierre_Ian | H6: Dallasykar_Ajay | I6: Finance | J6: Principal | K6: >1,000,000 | L6: F000129442005445047102137Dallasykar_AjayPrincipal>1,000,000 | M6: =VLOOKUP(L6,old!L:L,1,0) -> F000129442005445047102137Dallasykar_AjayPrincipal>1,000,000
A7: F000116 | B7: 442100 | C7: AlterI | D7: 443045 | E7: AOP II | F7: 101872 | G7: Gaffney_Jocelyn_K | H7: Gaffney_Jocelyn_K | I7: Finance | J7: Principal | K7: 250,000 | L7: F000116442100443045101872Gaffney_Jocelyn_KPrincipal250,000 | M7: =VLOOKUP(L7,old!L:L,1,0) -> F000116442100443045101872Gaffney_Jocelyn_KPrincipal250,000
A8: F000070 | B8: 443045 | C8: European Retail Solutions | D8: 442100 | E8: INACTIVE | F8: 103879 | G8: Hart_Christopher | H8: Gaffney_Jocelyn_K | I8: Finance | J8: Principal | K8: 100,000 | L8: F000070443045442100103879Gaffney_Jocelyn_KPrincipal100,000 | M8: =VLOOKUP(L8,old!L:L,1,0) -> F000070443045442100103879Gaffney_Jocelyn_KPrincipal100,000
A9: F000171 | B9: 445047 | C9: Alter Invest Fund I | D9: 443045 | E9: AOP II | F9: 103825 | G9: Limonpierre_Ian | H9: Shinde_Ashutosh | I9: Finance | J9: Principal | K9: 500,000 | L9: F000171445047443045103825Shinde_AshutoshPrincipal500,000 | M9: =VLOOKUP(L9,old!L:L,1,0) -> F000171445047443045103825Shinde_AshutoshPrincipal500,000
A10: F000175 | B10: 445047 | C10: AOP II | D10: 442003 | E10: COF II | F10: 103265 | G10: Parillis_Joseph_Anthony | H10: Shinde_Ashutosh | I10: Finance | J10: Managing Director | K10: >1,000,000 | L10: F000175445047442003103265Shinde_AshutoshManaging Director>1,000,000 | M10: =VLOOKUP(L10,old!L:L,1,0) -> F000175445047442003103265Shinde_AshutoshManaging Director>1,000,000
A11: F000046 | B11: 445047 | C11: AlterI | D11: 442003 | E11: AOP II | F11: 102896 | G11: Hart_Christopher | H11: Pinto_Miguel_Anthony | I11: Finance | J11: Associate Director | K11: 250,000 | L11: F000046445047442003102896Pinto_Miguel_AnthonyAssociate Director250,000 | M11: =VLOOKUP(L11,old!L:L,1,0) -> F000046445047442003102896Pinto_Miguel_AnthonyAssociate Director250,000
A12: F000067 | B12: 445047 | C12: AlterI | D12: 442005 | E12: COF III | F12: 101857 | G12: Hart_Christopher | H12: Verderaime_Joseph | I12: Finance | J12: Director | K12: 500,000 | L12: F000067445047442005101857Verderaime_JosephDirector500,000 | M12: =VLOOKUP(L12,old!L:L,1,0) -> F000067445047442005101857Verderaime_JosephDirector500,000
A13: F000183 | B13: 442003 | C13: AlterI | D13: 442100 | E13: COF I | F13: 102000 | G13: Masud_Shahid | H13: Limonpierre_Ian | I13: Finance | J13: Managing Director | K13: 100,000 | L13: F000183442003442100102000Limonpierre_IanManaging Director100,000 | M13: =VLOOKUP(L13,old!L:L,1,0) -> F000183442003442100102000Limonpierre_IanManaging Director100,000
... A181: F000379 | B181: 443045 | C181: European Retail Solutions | D181: 442003 | E181: AOP II | F181: 101042 | G181: Parillis_Joseph_Anthony | H181: Parillis_Joseph_Anthony | I181: Finance | J181: Associate Director | K181: 250,000 | L181: F000379443045442003101042Parillis_Joseph_AnthonyAssociate Director250,000 | M181: =VLOOKUP(L181,old!L:L,1,0) -> #N/A
